<?xml version="1.0" encoding="UTF-8"?>
<root>
  <item name="com.firebase.ui.auth.AuthUI.IdpConfig IdpConfig(java.lang.String, java.util.List&lt;java.lang.String&gt;) 0">
    <annotation name="android.support.annotation.StringDef">
      <val name="value" val="{com.google.firebase.auth.EmailAuthProvider.PROVIDER_ID, com.firebase.ui.auth.AuthUI.EMAIL_PROVIDER, com.google.firebase.auth.PhoneAuthProvider.PROVIDER_ID, com.firebase.ui.auth.AuthUI.PHONE_VERIFICATION_PROVIDER, com.google.firebase.auth.GoogleAuthProvider.PROVIDER_ID, com.firebase.ui.auth.AuthUI.GOOGLE_PROVIDER, com.google.firebase.auth.FacebookAuthProvider.PROVIDER_ID, com.firebase.ui.auth.AuthUI.FACEBOOK_PROVIDER, com.google.firebase.auth.TwitterAuthProvider.PROVIDER_ID, com.firebase.ui.auth.AuthUI.TWITTER_PROVIDER}" />
    </annotation>
  </item>
  <item name="com.firebase.ui.auth.AuthUI.IdpConfig java.lang.String getProviderId()">
    <annotation name="android.support.annotation.StringDef">
      <val name="value" val="{com.google.firebase.auth.EmailAuthProvider.PROVIDER_ID, com.firebase.ui.auth.AuthUI.EMAIL_PROVIDER, com.google.firebase.auth.PhoneAuthProvider.PROVIDER_ID, com.firebase.ui.auth.AuthUI.PHONE_VERIFICATION_PROVIDER, com.google.firebase.auth.GoogleAuthProvider.PROVIDER_ID, com.firebase.ui.auth.AuthUI.GOOGLE_PROVIDER, com.google.firebase.auth.FacebookAuthProvider.PROVIDER_ID, com.firebase.ui.auth.AuthUI.FACEBOOK_PROVIDER, com.google.firebase.auth.TwitterAuthProvider.PROVIDER_ID, com.firebase.ui.auth.AuthUI.TWITTER_PROVIDER}" />
    </annotation>
  </item>
  <item name="com.firebase.ui.auth.AuthUI.IdpConfig.Builder Builder(java.lang.String) 0">
    <annotation name="android.support.annotation.StringDef">
      <val name="value" val="{com.google.firebase.auth.EmailAuthProvider.PROVIDER_ID, com.firebase.ui.auth.AuthUI.EMAIL_PROVIDER, com.google.firebase.auth.PhoneAuthProvider.PROVIDER_ID, com.firebase.ui.auth.AuthUI.PHONE_VERIFICATION_PROVIDER, com.google.firebase.auth.GoogleAuthProvider.PROVIDER_ID, com.firebase.ui.auth.AuthUI.GOOGLE_PROVIDER, com.google.firebase.auth.FacebookAuthProvider.PROVIDER_ID, com.firebase.ui.auth.AuthUI.FACEBOOK_PROVIDER, com.google.firebase.auth.TwitterAuthProvider.PROVIDER_ID, com.firebase.ui.auth.AuthUI.TWITTER_PROVIDER}" />
    </annotation>
  </item>
  <item name="com.firebase.ui.auth.AuthUI.IdpConfig.Builder mProviderId">
    <annotation name="android.support.annotation.StringDef">
      <val name="value" val="{com.google.firebase.auth.EmailAuthProvider.PROVIDER_ID, com.firebase.ui.auth.AuthUI.EMAIL_PROVIDER, com.google.firebase.auth.PhoneAuthProvider.PROVIDER_ID, com.firebase.ui.auth.AuthUI.PHONE_VERIFICATION_PROVIDER, com.google.firebase.auth.GoogleAuthProvider.PROVIDER_ID, com.firebase.ui.auth.AuthUI.GOOGLE_PROVIDER, com.google.firebase.auth.FacebookAuthProvider.PROVIDER_ID, com.firebase.ui.auth.AuthUI.FACEBOOK_PROVIDER, com.google.firebase.auth.TwitterAuthProvider.PROVIDER_ID, com.firebase.ui.auth.AuthUI.TWITTER_PROVIDER}" />
    </annotation>
  </item>
  <item name="com.firebase.ui.auth.AuthUI.SupportedProvider">
    <annotation name="android.support.annotation.StringDef">
      <val name="value" val="{com.google.firebase.auth.EmailAuthProvider.PROVIDER_ID, com.firebase.ui.auth.AuthUI.EMAIL_PROVIDER, com.google.firebase.auth.PhoneAuthProvider.PROVIDER_ID, com.firebase.ui.auth.AuthUI.PHONE_VERIFICATION_PROVIDER, com.google.firebase.auth.GoogleAuthProvider.PROVIDER_ID, com.firebase.ui.auth.AuthUI.GOOGLE_PROVIDER, com.google.firebase.auth.FacebookAuthProvider.PROVIDER_ID, com.firebase.ui.auth.AuthUI.FACEBOOK_PROVIDER, com.google.firebase.auth.TwitterAuthProvider.PROVIDER_ID, com.firebase.ui.auth.AuthUI.TWITTER_PROVIDER}" />
    </annotation>
  </item>
  <item name="com.firebase.ui.auth.IdpResponse java.lang.String getProviderType()">
    <annotation name="android.support.annotation.StringDef">
      <val name="value" val="{com.google.firebase.auth.EmailAuthProvider.PROVIDER_ID, com.firebase.ui.auth.AuthUI.EMAIL_PROVIDER, com.google.firebase.auth.PhoneAuthProvider.PROVIDER_ID, com.firebase.ui.auth.AuthUI.PHONE_VERIFICATION_PROVIDER, com.google.firebase.auth.GoogleAuthProvider.PROVIDER_ID, com.firebase.ui.auth.AuthUI.GOOGLE_PROVIDER, com.google.firebase.auth.FacebookAuthProvider.PROVIDER_ID, com.firebase.ui.auth.AuthUI.FACEBOOK_PROVIDER, com.google.firebase.auth.TwitterAuthProvider.PROVIDER_ID, com.firebase.ui.auth.AuthUI.TWITTER_PROVIDER}" />
    </annotation>
  </item>
  <item name="com.firebase.ui.auth.User java.lang.String getProviderId()">
    <annotation name="android.support.annotation.StringDef">
      <val name="value" val="{com.google.firebase.auth.EmailAuthProvider.PROVIDER_ID, com.firebase.ui.auth.AuthUI.EMAIL_PROVIDER, com.google.firebase.auth.PhoneAuthProvider.PROVIDER_ID, com.firebase.ui.auth.AuthUI.PHONE_VERIFICATION_PROVIDER, com.google.firebase.auth.GoogleAuthProvider.PROVIDER_ID, com.firebase.ui.auth.AuthUI.GOOGLE_PROVIDER, com.google.firebase.auth.FacebookAuthProvider.PROVIDER_ID, com.firebase.ui.auth.AuthUI.FACEBOOK_PROVIDER, com.google.firebase.auth.TwitterAuthProvider.PROVIDER_ID, com.firebase.ui.auth.AuthUI.TWITTER_PROVIDER}" />
    </annotation>
  </item>
  <item name="com.firebase.ui.auth.User.Builder Builder(java.lang.String, java.lang.String) 0">
    <annotation name="android.support.annotation.StringDef">
      <val name="value" val="{com.google.firebase.auth.EmailAuthProvider.PROVIDER_ID, com.firebase.ui.auth.AuthUI.EMAIL_PROVIDER, com.google.firebase.auth.PhoneAuthProvider.PROVIDER_ID, com.firebase.ui.auth.AuthUI.PHONE_VERIFICATION_PROVIDER, com.google.firebase.auth.GoogleAuthProvider.PROVIDER_ID, com.firebase.ui.auth.AuthUI.GOOGLE_PROVIDER, com.google.firebase.auth.FacebookAuthProvider.PROVIDER_ID, com.firebase.ui.auth.AuthUI.FACEBOOK_PROVIDER, com.google.firebase.auth.TwitterAuthProvider.PROVIDER_ID, com.firebase.ui.auth.AuthUI.TWITTER_PROVIDER}" />
    </annotation>
  </item>
</root>

